{
	"credit": "Made with Blockbench",
	"parent": "block/block",
	"textures": {
		"3": "waystones:block/warp_plate_lock",
		"particle": "waystones:block/warp_plate",
		"texture": "waystones:block/warp_plate",
		"base": "waystones:block/warp_plate_base"
	},
	"elements": [
		{
			"name": "diag",
			"from": [2.5, 1, 2.5],
			"to": [13.5, 1.5, 13.5],
			"rotation": {"angle": -45, "axis": "y", "origin": [8, 0, 8]},
			"faces": {
				"north": {"uv": [0, 0, 10, 0.5], "texture": "#texture"},
				"east": {"uv": [0, 0, 10, 1], "texture": "#texture"},
				"south": {"uv": [0, 0, 10, 0.5], "texture": "#texture"},
				"west": {"uv": [0, 0, 10, 0.5], "texture": "#texture"},
				"up": {"uv": [0, 0, 10, 10], "rotation": 270, "texture": "#texture"},
				"down": {"uv": [0, 0, 10, 10], "rotation": 90, "texture": "#texture"}
			}
		},
		{
			"name": "bordersouth",
			"from": [3, 1, 3],
			"to": [13, 2, 13],
			"rotation": {"angle": 0, "axis": "y", "origin": [8, 0, 8]},
			"faces": {
				"north": {"uv": [0, 0, 10, 1], "texture": "#texture"},
				"east": {"uv": [0, 9, 10, 10], "texture": "#texture"},
				"south": {"uv": [0, 9, 10, 10], "texture": "#texture"},
				"west": {"uv": [0, 0, 10, 1], "texture": "#texture"},
				"up": {"uv": [0, 0, 10, 10], "texture": "#texture"},
				"down": {"uv": [0, 0, 10, 10], "texture": "#texture"}
			}
		},
		{
			"name": "tinted",
			"from": [5, 2.01, 5],
			"to": [11, 2.02, 11],
			"faces": {
				"up": {"uv": [2, 2, 14, 14], "texture": "#3"}
			}
		},
		{
			"name": "inner",
			"from": [5, 1, 5],
			"to": [11, 2, 11],
			"rotation": {"angle": 0, "axis": "y", "origin": [0, -1, 0]},
			"faces": {
				"up": {"uv": [2, 2, 8, 8], "texture": "#texture"}
			}
		},
		{
			"name": "base",
			"from": [0, 0, 0],
			"to": [16, 1, 16],
			"faces": {
				"north": {"uv": [0, 0, 16, 0.25], "texture": "#base"},
				"east": {"uv": [0, 0, 16, 0.25], "texture": "#base"},
				"south": {"uv": [0, 0, 16, 0.25], "texture": "#base"},
				"west": {"uv": [0, 0, 16, 0.25], "texture": "#base"},
				"up": {"uv": [0, 0, 16, 16], "texture": "#base"},
				"down": {"uv": [0, 0, 16, 16], "texture": "#base"}
			}
		}
	]
}